POND,Date Sampled,Quarter,Flow _GPM,FDP_Flow_GPM,Flow_CFS,Conductivity umho/cm,Calculated TDS_mg-L
F2R-3,3/30/2000,Q1/00,"6,000","6,000",13,208,135
F2R-3,4/7/2000,Q2/00,"3,000","3,000",7,220,143
F2R-3,7/7/2000,Q3/00,"1,000","1,000",2,220,143
F2R-3,11/11/2000,Q4/00,"30,000","30,000",67,217,141
F2R-3,2/2/2001,Q1/01,"3,000","3,000",7,207,135
F2R-3,6/1/2001,Q2/01,"5,000","5,000",11,259,168
F2R-3,9/21/2001,Q3/01,"20,000","20,000",45,275,179
F2R-3,10/12/2001,Q4/01,"30,000","30,000",67,228,148
F2R-3,2/1/2002,Q1/02,"15,000","15,000",33,220,143
F2R-3,4/15/2002,Q2/02,"1,000","1,000",2,257,167
F2R-3,8/30/2002,Q3/02,No Flow,,0,,
F2R-3,10/18/2002,Q4/02,"20,000","20,000",45,273,177
F2R-3,2/21/2003,Q1/03,"15,000","15,000",33,266,173
F2R-3,6/19/2003,Q2/03,No Flow,,0,,
F2R-3,9/19/2003,Q3/03,No Flow,,0,,
F2R-3,12/13/2003,Q4/03,No Flow,,0,,
F2R-3,2/6/2004,Q1/04,"25,000","25,000",56,302,196
F2R-3,6/11/2004,Q2/04,"5,000","5,000",11,174,113
F2R-3,9/3/2004,Q3/04,No Flow,,0,,0
F2R-3,11/26/2004,Q4/04,"2,000","2,000",4,205,133
F2R-3,2/4/2005,Q1/05,"1,000","1,000",2,251,163
F2R-3,6/23/2005,Q2/05,No Flow,,0,,
F2R-3,9/8/2005,Q3/05,No Flow,,0,,
F2R-3,11/19/2005,Q4/05,No Flow,,0,,
F2R-3,3/22/2006,Q1/06,"20,000","20,000",45,274,178
F2R-3,5/6/2006,Q2/06,No Flow,,0,,
F2R-3,9/30/2006,Q3/06,No Flow,,0,,
F2R-3,12/30/2006,Q4/06,No Flow,,0,,
F2R-3,1/20/2007,Q1/07,"10,000","10,000",22,211,137
F2R-3,5/25/2007,Q2/07,"1,000","1,000",2,223,145
F2R-3,7/7/2007,Q3/07,"6,000","6,000",13,166,108
F2R-3,12/15/2007,Q4/07,No Flow,,0,,
F2R-3,2/12/2008,Q1/08,"20,000","20,000",45,217,141
F2R-3,4/5/2008,Q2/08,"5,000","5,000",11,222,144
F2R-3,9/17/2008,Q3/08,500,500,1,198,129
F2R-3,10/10/2008,Q4/08,"2,000","2,000",4,204,133
F2R-3,1/6/2009,Q1/09,"2,000","2,000",4,229,149
F2R-3,4/3/2009,Q2/09,"10,000","10,000",22,264,172
F2R-3,8/1/2009,Q3/09,"10,000","10,000",22,1267,824
F2R-3,10/9/2009,Q4/09,"20,000","20,000",45,1240,806
F2R-3,1/2/2010,Q1/10,"2,000","2,000",4,1195,777
F2R-3,3/6/2010,Q1/10,"2,000","2,000",4,1175,764
F2R-3,7/2/2010,Q3/10,100,100,0,1100,715
F2R-3,4/26/2011,Q2/11,No Flow,,0,,
F2R-3,9/1/2011,Q3/11,No Flow,,0,,
F2R-3,10/15/2011,Q4/11,No Flow,,0,,
F2R-3,1/27/2012,Q1/12,"20,000","20,000",45,250,163
F2R-3,4/6/2012,Q2/12,"5,000","5,000",11,200,130
F2R-3,7/7/2012,Q3/12,"1,000","1,000",2,150,98
F2R-3,12/30/2012,Q4/12,No Flow,,0,,
F2R-3,1/5/2013,Q1/13,"1,000","1,000",2,185,120
F2R-3,4/5/2013,Q2/13,200,200,0,193,125
F2R-3,9/20/2013,Q3/13,"300,000","300,000",668,230,150
F2R-3,10/4/2013,Q4/13,"1,000","1,000",2,220,143
F2R-3,1/3/2014,Q1/14,100,100,0,225,146
F2R-3,4/12/2014,Q2/14,"6,000","6,000",13,279,181
G-1,10/22/1997,Q4/97,0,0,0,264,172
G-1,1/6/1998,Q1/98,0,0,0,150,98
G-1,4/17/1998,Q2/98,,,0,273,177
G-1,9/22/1998,Q3/98,0,0,0,312,203
G-1,12/15/1998,Q4/98,0,0,0,484,315
G-1,1/30/1999,Q1/99,0,0,0,244,159
G-1,4/13/1999,Q2/99,0,0,0,250,163
G-1,7/24/1999,Q3/99,No Flow,,0,,
G-1,12/10/1999,Q4/99,No Flow,,0,,
G-1,3/29/2000,Q1/00,5000,5000,11,286,186
G-1,4/7/2000,Q2/00,500,500,1,278,181
G-1,7/7/2000,Q3/00,No Flow,,0,,
G-1,11/11/2000,Q4/00,12000,12000,27,214,139
G-1,1/13/2001,Q1/01,2000,2000,4,210,137
G-1,5/10/2001,Q2/01,500,500,1,351,228
G-1,9/21/2001,Q3/01,15000,15000,33,384,250
G-1,10/12/2001,Q4/01,4000,4000,9,240,156
G-1,2/1/2002,Q1/02,2000,2000,4,214,139
G-1,4/15/2002,Q2/02,3000,3000,7,238,155
G-1,8/30/2002,Q3/02,No Flow,,0,,
G-1,10/18/2002,Q4/02,6000,6000,13,204,133
G-1,2/21/2003,Q1/03,7000,7000,16,225,146
G-1,6/19/2003,Q2/03,No Flow,,0,,
G-1,9/19/2003,Q3/03,No Flow,,0,,
G-1,12/13/2003,Q4/03,No Flow,,0,,
G-1,2/6/2004,Q1/04,10000,10000,22,145,94
G-1,4/24/2004,Q2/04,3000,3000,7,223,145
G-1,9/3/2004,Q3/04,No Flow,,0,,
G-1,11/26/2004,Q4/04,1500,1500,3,160,104
G-1,1/7/2005,Q1/05,5000,5000,11,207,135
G-1,6/23/2005,Q2/05,No Flow,,0,,
G-1,9/8/2005,Q3/05,No Flow,,0,,
G-1,11/19/2005,Q4/05,No Flow,,0,,
G-1,2/25/2006,Q1/06,500,500,1,270,176
G-1,5/6/2006,Q2/06,No Flow,,0,,
G-1,9/30/2006,Q3/06,No Flow,,0,,
G-1,12/30/2006,Q4/06,No Flow,,0,,
G-1,1/20/2007,Q1/07,6000,6000,13,102,66
G-1,5/25/2007,Q2/07,500,500,1,110,72
G-1,7/7/2007,Q3/07,2000,2000,4,104,68
G-1,12/15/2007,Q4/07,No Flow,,0,,
G-1,2/12/2008,Q1/08,3000,3000,7,188,122
G-1,4/5/2008,Q2/08,1000,1000,2,200,130
G-1,9/17/2008,Q3/08,500,500,1,182,118
G-1,10/10/2008,Q4/08,200,200,0,200,130
G-1,1/14/2009,Q1/09,500,500,1,213,138
G-1,4/3/2009,Q2/09,100,100,0,292,190
G-1,8/1/2009,Q3/09,4000,4000,9,249,162
G-1,10/9/2009,Q4/09,6000,6000,13,169,110
G-1,1/2/2010,Q1/10,100,100,0,226,147
G-1,3/6/2010,Q1/10,100,100,0,220,143
G-1,7/2/2010,Q3/10,No Flow,,0,,
G-1,4/16/2011,Q2/11,No Flow,,0,,
G-1,9/1/2011,Q3/11,No Flow,,0,,
G-1,12/22/2011,Q4/11,100,100,0,456,296
G-1,1/27/2012,Q1/12,100,100,0,659,428
G-1,4/7/2012,Q2/12,20,20,0,615,400
G-1,7/1/2012,Q3/12,No Flow,,0,,
G-1,12/30/2012,Q4/12,No Flow,,0,,
G-1,1/11/2013,Q1/13,50,50,0,810,527
G-1,4/5/2013,Q2/13,100,100,0,860,559
G-1,9/20/2013,Q3/13,200,200,0,193,125
G-1,10/18/2013,Q4/13,50,50,0,750,488
G-1,1/17/2014,Q1/14,50,50,0,196,127
G-1,4/11/2014,Q2/14,50,50,0,225,146
L-1,8/6/1997,Q3/97,,,0,324,211
L-1,10/20/1997,Q4/97,0,0,0,380,247
L-1,1/14/1998,Q1/98,0,0,0,187,122
L-1,5/9/1998,Q2/98,0,0,0,366,238
L-1,9/15/1998,Q3/98,0,0,0,324,211
L-1,10/3/1998,Q4/98,0,0,0,327,213
L-1,1/23/1999,Q1/99,0,0,0,277,180
L-1,4/9/1999,Q2/99,0,0,0,267,174
L-1,7/3/1999,Q3/99,,,0,,
L-1,10/23/1999,Q4/99,,,0,248,161
L-1,1/8/2000,Q1/00,2000,2000,4,397,258
L-1,4/7/2000,Q2/00,2000,2000,4,316,205
L-1,7/7/2000,Q3/00,4000,4000,9,206,134
L-1,10/20/2000,Q4/00,2000,2000,4,679,441
L-1,1/5/2001,Q1/01,2000,2000,4,217,141
L-1,4/13/2001,Q2/01,4000,4000,9,294,191
L-1,7/1/2001,Q3/01,2000,2000,4,293,190
L-1,10/13/2001,Q4/01,6000,6000,13,189,123
L-1,1/18/2002,Q1/02,2000,2000,4,273,177
L-1,4/10/2002,Q2/02,4000,4000,9,219,142
L-1,9/27/2002,Q3/02,No flow,,0,,
L-1,10/18/2002,Q4/02,4000,4000,9,232,151
L-1,1/23/2003,Q1/03,2000,2000,4,240,156
L-1,5/8/2003,Q2/03,4000,4000,9,304,198
L-1,9/19/2003,Q3/03,No flow,,0,,
L-1,10/10/2003,Q4/03,2000,2000,4,383,249
L-1,1/8/2004,Q1/04,2000,2000,4,380,247
L-1,5/7/2004,Q2/04,4000,4000,9,224,146
L-1,9/3/2004,Q3/04,No flow,,0,,
L-1,12/2/2004,Q4/04,2000,2000,4,289,188
L-1,1/8/2005,Q1/05,6500,6500,14,312,203
L-1,4/28/2005,Q2/05,No flow,,0,,
L-1,7/7/2005,Q3/05,No flow,,0,,
L-1,11/19/2005,Q4/05,No flow,,0,,
L-1,3/25/2006,Q1/06,10000,10000,22,276,179
L-1,5/6/2006,Q2/06,500,500,1,282,183
L-1,9/30/2006,Q3/06,No flow,,0,,
L-1,12/30/2006,Q4/06,No flow,,0,,
L-1,1/23/2007,Q1/07,2000,2000,4,168,109
L-1,6/1/2007,Q2/07,10000,10000,22,233,151
L-1,7/6/2007,Q3/07,10000,10000,22,199,129
L-1,12/14/2007,Q4/07,No flow,,0,,
L-1,2/22/2008,Q1/08,4000,4000,9,218,142
L-1,4/4/2008,Q2/08,2000,2000,4,225,146
L-1,9/18/2008,Q3/08,1000,1000,2,184,120
L-1,12/31/2008,Q4/08,No flow,,0,,
L-1,3/12/2009,Q1/09,1000,1000,2,245,159
L-1,4/4/2009,Q2/09,200,200,0,233,151
L-1,7/30/2009,Q3/09,2000,2000,4,173,112
L-1,10/10/2009,Q4/09,6000,6000,13,264,172
L-1,1/2/2010,Q1/10,100,100,0,173,112
L-1,3/13/2010,Q1/10,100,100,0,178,116
L-1,7/9/2010,Q3/10,1000,1000,2,190,124
L-1,4/26/2011,Q2/11,No flow,,0,,
L-1,9/1/2011,Q3/11,No flow,,0,,
L-1,12/1/2011,Q4/11,No flow,,0,,
L-1,1/27/2012,Q1/12,500,500,1,327,213
L-1,4/6/2012,Q2/12,200,200,0,222,144
L-1,7/1/2012,Q3/12,No flow,,0,,
L-1,12/31/2012,Q4/12,No flow,,0,,
L-1,1/12/2013,Q1/13,1000,1000,2,286,186
L-1,4/6/2013,Q2/13,100,100,0,270,176
L-1,9/20/2013,Q3/13,10000,10000,22,290,189
L-1,10/4/2013,Q4/13,6000,6000,13,275,179
L-1,1/18/2014,Q1/14,200,200,0,200,130
L-1,4/11/2014,Q2/14,1000,1000,2,207,135
L-2,10/20/1997,Q4/97,0,0,0,237,154
L-2,1/14/1998,Q1/98,0,0,0,198,129
L-2,4/4/1998,Q2/98,0,0,0,480,312
L-2,9/15/1998,Q3/98,0,0,0,447,291
L-2,10/3/1998,Q4/98,0,0,0,415,270
L-2,1/29/1999,Q1/99,0,0,0,332,216
L-2,4/9/1999,Q2/99,0,0,0,285,185
L-2,8/31/1999,Q3/99,,,0,,
L-2,12/11/1999,Q4/99,,,0,634,412
L-2,1/8/2000,Q1/00,2000,2000,4,357,232
L-2,4/7/2000,Q2/00,2000,2000,4,255,166
L-2,7/7/2000,Q3/00,,,0,,
L-2,11/11/2000,Q4/00,2000,2000,4,190,124
L-2,1/5/2001,Q1/01,2000,2000,4,193,125
L-2,4/13/2001,Q2/01,2000,2000,4,271,176
L-2,7/1/2001,Q3/01,1500,1500,3,275,179
L-2,10/13/2001,Q4/01,3778,3778,8,165,107
L-2,1/18/2002,Q1/02,2000,2000,4,230,150
L-2,4/10/2002,Q2/02,2000,2000,4,186,121
L-2,9/27/2002,Q3/02,1500,1500,3,372,242
L-2,10/18/2002,Q4/02,4000,4000,9,264,172
L-2,2/17/2003,Q1/03,1500,1500,3,313,203
L-2,5/8/2003,Q2/03,2000,2000,4,341,222
L-2,9/19/2003,Q3/03,,,0,,
L-2,10/10/2003,Q4/03,2000,2000,4,419,272
L-2,1/8/2004,Q1/04,1500,1500,3,379,246
L-2,4/24/2004,Q2/04,2000,2000,4,300,195
L-2,9/3/2004,Q3/04,,,0,,
L-2,11/4/2004,Q4/04,1000,1000,2,282,183
L-2,1/6/2005,Q1/05,2000,2000,4,354,230
L-2,4/28/2005,Q2/05,,,0,,
L-2,7/7/2005,Q3/05,,,0,,
L-2,11/19/2005,Q4/05,,,0,,
L-2,2/25/2006,Q1/06,1000,1000,2,384,250
L-2,5/6/2006,Q2/06,,,0,,
L-2,9/30/2006,Q3/06,,,0,,
L-2,12/30/2006,Q4/06,2000,2000,4,264,172
L-2,1/5/2007,Q1/07,1000,1000,2,280,182
L-2,6/1/2007,Q2/07,4000,4000,9,279,181
L-2,7/6/2007,Q3/07,4000,4000,9,214,139
L-2,12/21/2007,Q4/07,1000,1000,2,292,190
L-2,1/18/2008,Q1/08,100,100,0,372,242
L-2,4/4/2008,Q2/08,500,500,1,266,173
L-2,9/18/2008,Q3/08,300,300,1,218,142
L-2,10/10/2008,Q4/08,100,100,0,220,143
L-2,1/8/2009,Q1/09,500,500,1,292,190
L-2,4/4/2009,Q2/09,100,100,0,333,216
L-2,7/30/2009,Q3/09,500,500,1,197,128
L-2,10/10/2009,Q4/09,4000,4000,9,139,90
L-2,1/2/2010,Q1/10,50,50,0,196,127
L-2,3/6/2010,Q1/10,50,50,0,210,137
L-2,7/9/2010,Q3/10,20,20,0,230,150
L-2,1/20/2011,Q1/11,2000,2000,4,202,131
L-2,4/26/2011,Q2/11,500,500,1,413,268
L-2,9/1/2011,Q3/11,,,0,,
L-2,12/1/2011,Q4/11,,,0,,
L-2,1/27/2012,Q1/12,1000,1000,2,308,200
L-2,4/6/2012,Q2/12,100,100,0,240,156
L-2,7/14/2012,Q3/12,50,50,0,280,182
L-2,12/31/2012,Q4/12,,,0,,
L-2,1/5/2013,Q1/13,100,100,0,546,355
L-2,4/6/2013,Q2/13,20,20,0,540,351
L-2,9/20/2013,Q3/13,1000,1000,2,510,332
L-2,10/4/2013,Q4/13,50,50,0,131,85
L-2,1/3/2014,Q1/14,25,25,0,200,130
L-2,4/11/2014,Q2/14,500,500,1,274,178
L-4,1/13/1998,Q1/98,0,0,0,227,148
L-4,4/4/1998,Q2/98,0,0,0,275,179
L-4,9/15/1998,Q3/98,0,0,0,362,235
L-4,10/3/1998,Q4/98,0,0,0,323,210
L-4,1/12/1999,Q1/99,0,0,0,229,149
L-4,4/9/1999,Q2/99,0,0,0,220,143
L-4,8/31/1999,Q3/99,No Flow,,0,,
L-4,10/9/1999,Q4/99,No Flow,,0,266,173
L-4,1/8/2000,Q1/00,1000,1000,2,295,192
L-4,4/14/2000,Q2/00,2000,2000,4,391,254
L-4,7/7/2000,Q3/00,2000,2000,4,241,157
L-4,11/11/2000,Q4/00,2000,2000,4,321,209
L-4,1/5/2001,Q1/01,4000,4000,9,215,140
L-4,4/13/2001,Q2/01,1000,1000,2,274,178
L-4,7/1/2001,Q3/01,1500,1500,3,275,179
L-4,10/13/2001,Q4/01,3707,3707,8,289,188
L-4,1/25/2002,Q1/02,2500,2500,6,313,203
L-4,4/10/2002,Q2/02,2000,2000,4,215,140
L-4,9/27/2002,Q3/02,No Flow,,0,,
L-4,10/18/2002,Q4/02,4000,4000,9,286,186
L-4,2/23/2003,Q1/03,1500,1500,3,411,267
L-4,5/8/2003,Q2/03,1000,1000,2,384,250
L-4,9/19/2003,Q3/03,No Flow,,0,,
L-4,12/13/2003,Q4/03,No Flow,,0,,
L-4,2/7/2004,Q1/04,1500,1500,3,304,198
L-4,4/24/2004,Q2/04,2000,2000,4,373,242
L-4,9/3/2004,Q3/04,No Flow,,0,,
L-4,11/4/2004,Q4/04,1000,1000,2,375,244
L-4,1/8/2005,Q1/05,2000,2000,4,359,233
L-4,4/28/2005,Q2/05,No Flow,,0,,
L-4,7/7/2005,Q3/05,No Flow,,0,,
L-4,11/19/2005,Q4/05,No Flow,,0,,
L-4,2/25/2006,Q1/06,1000,1000,2,591,384
L-4,5/6/2006,Q2/06,1000,1000,2,404,263
L-4,9/30/2006,Q3/06,No Flow,,0,,
L-4,12/30/2006,Q4/06,2000,2000,4,362,235
L-4,1/5/2007,Q1/07,1000,1000,2,411,267
L-4,6/1/2007,Q2/07,4000,4000,9,371,241
L-4,7/6/2007,Q3/07,4000,4000,9,293,190
L-4,12/21/2007,Q4/07,1000,1000,2,344,224
L-4,1/18/2008,Q1/08,100,100,0,410,267
L-4,4/4/2008,Q2/08,500,500,1,345,224
L-4,9/18/2008,Q3/08,300,300,1,344,224
L-4,10/10/2008,Q4/08,100,100,0,415,270
L-4,1/8/2009,Q1/09,500,500,1,437,284
L-4,4/4/2009,Q2/09,100,100,0,464,302
L-4,7/30/2009,Q3/09,500,500,1,296,192
L-4,10/10/2009,Q4/09,4000,4000,9,143,93
L-4,1/2/2010,Q1/10,50,50,0,205,133
L-4,7/9/2010,Q3/10,No Flow,,0,,
L-4,11/5/2010,Q4/10,500,500,1,660,429
L-4,1/20/2011,Q1/11,1000,1000,2,311,202
L-4,4/26/2011,Q2/11,1500,1500,3,491,319
L-4,8/1/2011,Q3/11,No Flow,,0,,
L-4,11/1/2011,Q4/11,No Flow,,0,,
L-4,1/27/2012,Q1/12,50,50,0,634,412
L-4,4/6/2012,Q2/12,100,100,0,550,358
L-4,7/14/2012,Q3/12,50,50,0,575,374
L-4,11/1/2012,Q4/12,No Flow,,0,,
L-4,1/5/2013,Q1/13,100,100,0,276,179
L-4,4/6/2013,Q2/13,20,20,0,270,176
L-4,9/20/2013,Q3/13,1000,1000,2,53,34
L-4,10/4/2013,Q4/13,50,50,0,215,140
L-4,2/7/2014,Q1/14,25,25,0,288,187
L-4,4/11/2014,Q2/14,500,500,1,463,301
L-9,10/10/2008,Q4/08,100,100,0,364,237
L-9,1/6/2009,Q1/09,500,500,1,166,108
L-9,4/18/2009,Q2/09,500,500,1,193,125
L-9,7/30/2009,Q3/09,200,200,0,209,136
L-9,10/10/2009,Q4/09,1500,1500,3,112,73
L-9,1/2/2010,Q1/10,50,50,0,100,65
L-9,3/6/2010,Q1/10,100,100,0,123,80
L-9,7/9/2010,Q3/10,No Flow,,0,,
L-9,4/26/2011,Q2/11,No Flow,,0,,
L-9,9/1/2011,Q3/11,No Flow,,0,,
L-9,12/1/2011,Q4/11,No Flow,,0,,
L-9,1/27/2012,Q1/12,50,50,0,179,116
L-9,4/6/2012,Q2/12,20,20,0,150,98
L-9,7/1/2012,Q3/12,No Flow,,0,,
L-9,12/31/2012,Q4/12,No Flow,,0,,
L-9,3/31/2013,Q1/13,No Flow,,0,,
L-9,4/12/2013,Q2/13,10,10,0,422,274
L-9,9/30/2013,Q3/13,No Flow,,0,,
L-9,10/18/2013,Q4/13,500,500,1,285,185
L-9,2/7/2014,Q1/14,200,200,0,288,187
L-9,4/11/2014,Q2/14,50,50,0,269,175
M-1,10/17/1998,Q4/98,0,0,0,227,148
M-1,1/12/1999,Q1/99,0,0,0,185,120
M-1,4/9/1999,Q2/99,0,0,0,190,124
M-1,7/3/1999,Q3/99,No Flow,,0,,
M-1,10/2/1999,Q4/99,0,0,0,264,172
M-1,1/8/2000,Q1/00,2000,2000,4,229,149
M-1,4/7/2000,Q2/00,2000,2000,4,266,173
M-1,7/7/2000,Q3/00,2000,2000,4,184,120
M-1,10/20/2000,Q4/00,2000,2000,4,277,180
M-1,1/5/2001,Q1/01,8000,8000,18,231,150
M-1,4/13/2001,Q2/01,8000,8000,18,186,121
M-1,7/1/2001,Q3/01,2000,2000,4,229,149
M-1,10/13/2001,Q4/01,8000,8000,18,196,127
M-1,1/4/2002,Q1/02,2000,2000,4,166,108
M-1,4/10/2002,Q2/02,4000,4000,9,156,101
M-1,9/27/2002,Q3/02,2000,2000,4,337,219
M-1,10/11/2002,Q4/02,2000,2000,4,336,218
M-1,1/23/2003,Q1/03,2000,2000,4,200,130
M-1,5/8/2003,Q2/03,2000,2000,4,248,161
M-1,9/12/2003,Q3/03,2000,2000,4,274,178
M-1,12/21/2003,Q4/03,2000,2000,4,295,192
M-1,1/8/2004,Q1/04,2000,2000,4,227,148
M-1,4/24/2004,Q2/04,11500,11500,26,206,
M-1,9/3/2004,Q3/04,No Flow,,0,,
M-1,11/4/2004,Q4/04,1000,1000,2,230,150
M-1,1/6/2005,Q1/05,2500,2500,6,267,174
M-1,4/28/2005,Q2/05,No Flow,,0,,
M-1,7/7/2005,Q3/05,No Flow,,0,,
M-1,11/19/2005,Q4/05,No Flow,,0,,
M-1,3/25/2006,Q1/06,1500,1500,3,240,156
M-1,5/6/2006,Q2/06,No Flow,,0,,
M-1,9/30/2006,Q3/06,No Flow,,0,,
M-1,12/30/2006,Q4/06,4000,4000,9,269,175
M-1,1/5/2007,Q1/07,2000,2000,4,285,185
M-1,5/11/2007,Q2/07,1000,1000,2,199,129
M-1,7/6/2007,Q3/07,16000,16000,36,161,105
M-1,12/13/2007,Q4/07,200,200,0,160,104
M-1,1/18/2008,Q1/08,200,200,0,173,112
M-1,4/4/2008,Q2/08,4000,4000,9,192,125
M-1,7/12/2008,Q3/08,50,50,0,200,130
M-1,7/12/2008,Q3/08,1500,1500,3,168,109
M-1,1/8/2009,Q1/09,1000,1000,2,195,127
M-1,4/4/2009,Q2/09,1000,1000,2,275,179
M-1,7/30/2009,Q3/09,1000,1000,2,301,196
M-1,10/10/2009,Q4/09,10000,10000,22,151,98
M-1,1/2/2010,Q1/10,1500,1500,3,144,94
M-1,7/2/2010,Q3/10,50,50,0,150,98
M-1,11/1/2010,Q4/10,No Flow,,0,,
M-1,1/20/2011,Q1/11,1000,1000,2,231,150
M-1,4/26/2011,Q2/11,500,500,1,286,186
M-1,8/1/2011,Q3/11,No Flow,,0,,
M-1,11/1/2011,Q4/11,No Flow,,0,,
M-1,1/27/2012,Q1/12,2000,2000,4,322,209
M-1,4/6/2012,Q2/12,1500,1500,3,306,199
M-1,7/14/2012,Q3/12,200,200,0,290,189
M-1,11/1/2012,Q4/12,No Flow,,0,,
M-1,1/5/2013,Q1/13,200,200,0,332,216
M-1,4/6/2013,Q2/13,100,100,0,299,194
M-1,9/20/2013,Q3/13,40000,40000,89,279,181
M-1,10/4/2013,Q4/13,1000,1000,2,230,150
M-1,1/3/2014,Q1/14,200,200,0,550,358
M-1,4/11/2014,Q2/14,2000,2000,4,211,137
,,,, ,,,
,,,, ,,,
,,,, ,,,
,,,, ,,,
,,,, ,,,
,,,, ,,,
,,,, ,,,
,,,, ,,,
,,,, ,,,
,,,, ,,,
,,,, ,,,
,,,, ,,,
,,,, ,,,
,,,, ,,,
,,,, ,,,
,,,, ,,,
,,,, ,,,
,,,, ,,,
,,,, ,,,
,,,, ,,,
,,,, ,,,
,,,, ,,,
,,,, ,,,
,,,, ,,,
,,,, ,,,
,,,, ,,,
,,,, ,,,
,,,, ,,,
,,,, ,,,
,,,, ,,,
,,,, ,,,
,,,, ,,,
,,,, ,,,
,,,, ,,,
,,,, ,,,
,,,, ,,,
,,,, ,,,
,,,, ,,,
,,,, ,,,
,,,, ,,,
,,,, ,,,
,,,, ,,,
,,,, ,,,
,,,, ,,,
,,,, ,,,
,,,, ,,,
,,,, ,,,
,,,, ,,,
,,,, ,,,
,,,, ,,,
,,,, ,,,
,,,, ,,,
,,,, ,,,
,,,, ,,,
,,,, ,,,
,,,, ,,,
,,,, ,,,
,,,, ,,,
,,,, ,,,
,,,, ,,,
,,,, ,,,
,,,, ,,,
,,,, ,,,
,,,, ,,,
,,,, ,,,
,,,, ,,,
,,,, ,,,
,,,, ,,,
,,,, ,,,
,,,, ,,,
,,,, ,,,
,,,, ,,,
,,,, ,,,
,,,, ,,,
,,,, ,,,
,,,, ,,,
,,,, ,,,
,,,, ,,,
,,,, ,,,
,,,, ,,,
,,,, ,,,
,,,, ,,,
,,,, ,,,
,,,, ,,,
,,,, ,,,
,,,, ,,,
,,,, ,,,
,,,, ,,,
,,,, ,,,
,,,, ,,,
,,,, ,,,
,,,, ,,,
,,,, ,,,
,,,, ,,,
,,,, ,,,
,,,, ,,,
,,,, ,,,
,,,, ,,,
,,,, ,,,
,,,, ,,,
,,,, ,,,
,,,, ,,,
,,,, ,,,
,,,, ,,,
,,,, ,,,
,,,, ,,,
,,,, ,,,
,,,, ,,,
,,,, ,,,
,,,, ,,,
,,,, ,,,
,,,, ,,,
,,,, ,,,
,,,, ,,,
,,,, ,,,
,,,, ,,,
,,,, ,,,
,,,, ,,,
,,,, ,,,
,,,, ,,,
,,,, ,,,
,,,, ,,,
,,,, ,,,
,,,, ,,,
,,,, ,,,
,,,, ,,,
,,,, ,,,
,,,, ,,,
,,,, ,,,
,,,, ,,,
,,,, ,,,
,,,, ,,,
,,,, ,,,
,,,, ,,,
,,,, ,,,
,,,, ,,,
,,,, ,,,
,,,, ,,,
,,,, ,,,
,,,, ,,,
,,,, ,,,
,,,, ,,,
,,,, ,,,
,,,, ,,,
,,,, ,,,
,,,, ,,,
,,,, ,,,
,,,, ,,,
,,,, ,,,
,,,, ,,,
,,,, ,,,
,,,, ,,,
,,,, ,,,
,,,, ,,,
,,,, ,,,
,,,, ,,,
,,,, ,,,
,,,, ,,,
,,,, ,,,
,,,, ,,,
,,,, ,,,
,,,, ,,,
,,,, ,,,
,,,, ,,,
,,,, ,,,
,,,, ,,,
,,,, ,,,
,,,, ,,,
,,,, ,,,
,,,, ,,,
,,,, ,,,
,,,, ,,,
,,,, ,,,
,,,, ,,,
,,,, ,,,
,,,, ,,,
,,,, ,,,
,,,, ,,,
,,,, ,,,
,,,, ,,,
,,,, ,,,
,,,, ,,,
,,,, ,,,
,,,, ,,,
,,,, ,,,
,,,, ,,,
,,,, ,,,
,,,, ,,,
,,,, ,,,
,,,, ,,,
,,,, ,,,
,,,, ,,,
,,,, ,,,
,,,, ,,,
,,,, ,,,
,,,, ,,,
,,,, ,,,
,,,, ,,,
,,,, ,,,
,,,, ,,,
,,,, ,,,
,,,, ,,,
,,,, ,,,
,,,, ,,,
,,,, ,,,
,,,, ,,,
,,,, ,,,
,,,, ,,,
,,,, ,,,
,,,, ,,,
,,,, ,,,
,,,, ,,,
,,,, ,,,
,,,, ,,,
,,,, ,,,
,,,, ,,,
,,,, ,,,
,,,, ,,,
,,,, ,,,
,,,, ,,,
,,,, ,,,
,,,, ,,,
,,,, ,,,
,,,, ,,,
,,,, ,,,
,,,, ,,,
,,,, ,,,
,,,, ,,,
,,,, ,,,
,,,, ,,,
,,,, ,,,
,,,, ,,,
,,,, ,,,
,,,, ,,,
,,,, ,,,
,,,, ,,,
,,,, ,,,
,,,, ,,,
,,,, ,,,
,,,, ,,,
,,,, ,,,
,,,, ,,,
,,,, ,,,
,,,, ,,,
,,,, ,,,
,,,, ,,,
,,,, ,,,
,,,, ,,,
,,,, ,,,
,,,, ,,,
,,,, ,,,
,,,, ,,,
,,,, ,,,
,,,, ,,,
,,,, ,,,
,,,, ,,,
,,,, ,,,
,,,, ,,,
,,,, ,,,
,,,, ,,,
,,,, ,,,
,,,, ,,,
,,,, ,,,
,,,, ,,,
,,,, ,,,
,,,, ,,,
,,,, ,,,
,,,, ,,,
,,,, ,,,
,,,, ,,,
,,,, ,,,
,,,, ,,,
,,,, ,,,
,,,, ,,,
,,,, ,,,
,,,, ,,,
,,,, ,,,
,,,, ,,,
,,,, ,,,
,,,, ,,,
,,,, ,,,
,,,, ,,,
,,,, ,,,
,,,, ,,,
,,,, ,,,
,,,, ,,,
,,,, ,,,
,,,, ,,,
,,,, ,,,
,,,, ,,,
,,,, ,,,
,,,, ,,,
,,,, ,,,
,,,, ,,,
,,,, ,,,
,,,, ,,,
,,,, ,,,
,,,, ,,,
,,,, ,,,
,,,, ,,,
,,,, ,,,
,,,, ,,,
,,,, ,,,
,,,, ,,,
,,,, ,,,
,,,, ,,,
,,,, ,,,
,,,, ,,,
,,,, ,,,
,,,, ,,,
,,,, ,,,
,,,, ,,,
,,,, ,,,
,,,, ,,,
,,,, ,,,
,,,, ,,,
,,,, ,,,
,,,, ,,,
,,,, ,,,
,,,, ,,,
,,,, ,,,
,,,, ,,,
,,,, ,,,
,,,, ,,,
,,,, ,,,
,,,, ,,,
,,,, ,,,
,,,, ,,,
,,,, ,,,
,,,, ,,,
,,,, ,,,
,,,, ,,,
,,,, ,,,
,,,, ,,,
,,,, ,,,
,,,, ,,,
,,,, ,,,
,,,, ,,,
,,,, ,,,
,,,, ,,,
,,,, ,,,
,,,, ,,,
,,,, ,,,
,,,, ,,,
,,,, ,,,
,,,, ,,,
,,,, ,,,
,,,, ,,,
,,,, ,,,
,,,, ,,,
,,,, ,,,
,,,, ,,,
,,,, ,,,
,,,, ,,,
,,,, ,,,
,,,, ,,,
,,,, ,,,
,,,, ,,,
,,,, ,,,
,,,, ,,,
,,,, ,,,
,,,, ,,,
,,,, ,,,
,,,, ,,,
,,,, ,,,
,,,, ,,,
,,,, ,,,
,,,, ,,,
,,,, ,,,
,,,, ,,,
,,,, ,,,
,,,, ,,,
,,,, ,,,
,,,, ,,,
,,,, ,,,
,,,, ,,,
,,,, ,,,
,,,, ,,,
,,,, ,,,
,,,, ,,,
,,,, ,,,
,,,, ,,,
,,,, ,,,
,,,, ,,,
,,,, ,,,
,,,, ,,,
,,,, ,,,
,,,, ,,,
,,,, ,,,
,,,, ,,,
,,,, ,,,
,,,, ,,,
,,,, ,,,
,,,, ,,,
,,,, ,,,
,,,, ,,,
,,,, ,,,
,,,, ,,,
,,,, ,,,
,,,, ,,,
,,,, ,,,
,,,, ,,,
,,,, ,,,
,,,, ,,,
,,,, ,,,
,,,, ,,,
,,,, ,,,
,,,, ,,,
,,,, ,,,
,,,, ,,,
,,,, ,,,
,,,, ,,,
,,,, ,,,
,,,, ,,,
,,,, ,,,
,,,, ,,,
,,,, ,,,
,,,, ,,,
,,,, ,,,
,,,, ,,,
,,,, ,,,
,,,, ,,,
,,,, ,,,
,,,, ,,,
,,,, ,,,
,,,, ,,,
,,,, ,,,
,,,, ,,,
,,,, ,,,
,,,, ,,,
,,,, ,,,
,,,, ,,,
,,,, ,,,
,,,, ,,,
,,,, ,,,
,,,, ,,,
,,,, ,,,
,,,, ,,,
,,,, ,,,
,,,, ,,,
,,,, ,,,
,,,, ,,,
,,,, ,,,
,,,, ,,,
,,,, ,,,
,,,, ,,,
,,,, ,,,
,,,, ,,,
,,,, ,,,
,,,, ,,,
,,,, ,,,
,,,, ,,,
,,,, ,,,
,,,, ,,,
,,,, ,,,
,,,, ,,,
,,,, ,,,
,,,, ,,,
,,,, ,,,
,,,, ,,,
,,,, ,,,
,,,, ,,,
,,,, ,,,
,,,, ,,,
,,,, ,,,
,,,, ,,,
,,,, ,,,
,,,, ,,,
,,,, ,,,
,,,, ,,,
,,,, ,,,
,,,, ,,,
,,,, ,,,
,,,, ,,,
,,,, ,,,
,,,, ,,,
,,,, ,,,
,,,, ,,,
,,,, ,,,
,,,, ,,,
,,,, ,,,
,,,, ,,,
,,,, ,,,
,,,, ,,,
,,,, ,,,
,,,, ,,,
,,,, ,,,
,,,, ,,,
,,,, ,,,
,,,, ,,,
,,,, ,,,
,,,, ,,,
,,,, ,,,
,,,, ,,,
,,,, ,,,
,,,, ,,,
,,,, ,,,
,,,, ,,,
,,,, ,,,
,,,, ,,,
,,,, ,,,
,,,, ,,,
,,,, ,,,
,,,, ,,,
,,,, ,,,
,,,, ,,,
,,,, ,,,
,,,, ,,,
,,,, ,,,
,,,, ,,,
,,,, ,,,
,,,, ,,,
,,,, ,,,
,,,, ,,,
,,,, ,,,
,,,, ,,,
,,,, ,,,
,,,, ,,,
,,,, ,,,
,,,, ,,,
,,,, ,,,
,,,, ,,,
,,,, ,,,
,,,, ,,,
,,,, ,,,
,,,, ,,,
,,,, ,,,
,,,, ,,,
,,,, ,,,
,,,, ,,,
,,,, ,,,
,,,, ,,,
,,,, ,,,
,,,, ,,,
,,,, ,,,
,,,, ,,,
,,,, ,,,
,,,, ,,,
,,,, ,,,
,,,, ,,,
,,,, ,,,
,,,, ,,,
,,,, ,,,
,,,, ,,,
,,,, ,,,
,,,, ,,,
,,,, ,,,
,,,, ,,,
,,,, ,,,
,,,, ,,,
,,,, ,,,
,,,, ,,,
,,,, ,,,
,,,, ,,,
